Workbook

Sheet dailyActivity_merged_cleaned
A1: Id | B1: ActivityDate | C1: TotalSteps | D1: TotalDistance | E1: TrackerDistance | F1: LoggedActivitiesDistance | G1: VeryActiveDistance | H1: ModeratelyActiveDistance | I1: LightActiveDistance | J1: SedentaryActiveDistance | K1: VeryActiveMinutes | L1: FairlyActiveMinutes | M1: LightlyActiveMinutes | N1: SedentaryMinutes | O1: Calories | P1: UserCount
A2: 1503960366 | B2: 42472 | C2: 13162 | D2: 8.5 | E2: 8.5 | F2: 0 | G2: 1.88 | H2: 0.55000001 | I2: 6.0599999 | J2: 0 | K2: 25 | L2: 13 | M2: 328 | N2: 728 | O2: 1985 | P2: 33
A3: 1503960366 | B3: 42473 | C3: 10735 | D3: 6.9699998 | E3: 6.9699998 | F3: 0 | G3: 1.5700001 | H3: 0.69 | I3: 4.71 | J3: 0 | K3: 21 | L3: 19 | M3: 217 | N3: 776 | O3: 1797
A4: 1503960366 | B4: 42474 | C4: 10460 | D4: 6.7399998 | E4: 6.7399998 | F4: 0 | G4: 2.4400001 | H4: 0.40000001 | I4: 3.9100001 | J4: 0 | K4: 30 | L4: 11 | M4: 181 | N4: 1218 | O4: 1776
A5: 1503960366 | B5: 42475 | C5: 9762 | D5: 6.2800002 | E5: 6.2800002 | F5: 0 | G5: 2.1400001 | H5: 1.26 | I5: 2.8299999 | J5: 0 | K5: 29 | L5: 34 | M5: 209 | N5: 726 | O5: 1745
A6: 1503960366 | B6: 42476 | C6: 12669 | D6: 8.1599998 | E6: 8.1599998 | F6: 0 | G6: 2.71 | H6: 0.41 | I6: 5.04 | J6: 0 | K6: 36 | L6: 10 | M6: 221 | N6: 773 | O6: 1863
A7: 1503960366 | B7: 42477 | C7: 9705 | D7: 6.48 | E7: 6.48 | F7: 0 | G7: 3.1900001 | H7: 0.77999997 | I7: 2.51 | J7: 0 | K7: 38 | L7: 20 | M7: 164 | N7: 539 | O7: 1728
A8: 1503960366 | B8: 42478 | C8: 13019 | D8: 8.5900002 | E8: 8.5900002 | F8: 0 | G8: 3.25 | H8: 0.63999999 | I8: 4.71 | J8: 0 | K8: 42 | L8: 16 | M8: 233 | N8: 1149 | O8: 1921
A9: 1503960366 | B9: 42479 | C9: 15506 | D9: 9.8800001 | E9: 9.8800001 | F9: 0 | G9: 3.53 | H9: 1.3200001 | I9: 5.0300002 | J9: 0 | K9: 50 | L9: 31 | M9: 264 | N9: 775 | O9: 2035
A10: 1503960366 | B10: 42480 | C10: 10544 | D10: 6.6799998 | E10: 6.6799998 | F10: 0 | G10: 1.96 | H10: 0.47999999 | I10: 4.2399998 | J10: 0 | K10: 28 | L10: 12 | M10: 205 | N10: 818 | O10: 1786
A11: 1503960366 | B11: 42481 | C11: 9819 | D11: 6.3400002 | E11: 6.3400002 | F11: 0 | G11: 1.34 | H11: 0.34999999 | I11: 4.6500001 | J11: 0 | K11: 19 | L11: 8 | M11: 211 | N11: 838 | O11: 1775
A12: 1503960366 | B12: 42482 | C12: 12764 | D12: 8.1300001 | E12: 8.1300001 | F12: 0 | G12: 4.7600002 | H12: 1.12 | I12: 2.24 | J12: 0 | K12: 66 | L12: 27 | M12: 130 | N12: 1217 | O12: 1827
A13: 1503960366 | B13: 42483 | C13: 14371 | D13: 9.04 | E13: 9.04 | F13: 0 | G13: 2.8099999 | H13: 0.87 | I13: 5.3600001 | J13: 0 | K13: 41 | L13: 21 | M13: 262 | N13: 732 | O13: 1949
A14: 1503960366 | B14: 42484 | C14: 10039 | D14: 6.4099998 | E14: 6.4099998 | F14: 0 | G14: 2.9200001 | H14: 0.20999999 | I14: 3.28 | J14: 0 | K14: 39 | L14: 5 | M14: 238 | N14: 709 | O14: 1788
... A941: 8877689391 | B941: 42502 | C941: 8064 | D941: 6.1199999 | E941: 6.1199999 | F941: 0 | G941: 1.8200001 | H941: 0.039999999 | I941: 4.25 | J941: 0 | K941: 23 | L941: 1 | M941: 137 | N941: 770 | O941: 1849

Sheet sleepDay_merged_cleaned
A1: Id | B1: SleepDay | C1: TotalSleepRecords | D1: TotalMinutesAsleep | E1: TotalTimeInBed | G1: Usercount
A2: 1503960366 | B2: 42472 | C2: 1 | D2: 327 | E2: 346 | G2: 24
A3: 1503960366 | B3: 42473 | C3: 2 | D3: 384 | E3: 407
A4: 1503960366 | B4: 42475 | C4: 1 | D4: 412 | E4: 442
A5: 1503960366 | B5: 42476 | C5: 2 | D5: 340 | E5: 367
A6: 1503960366 | B6: 42477 | C6: 1 | D6: 700 | E6: 712
A7: 1503960366 | B7: 42479 | C7: 1 | D7: 304 | E7: 320
A8: 1503960366 | B8: 42480 | C8: 1 | D8: 360 | E8: 377
A9: 1503960366 | B9: 42481 | C9: 1 | D9: 325 | E9: 364
A10: 1503960366 | B10: 42483 | C10: 1 | D10: 361 | E10: 384
A11: 1503960366 | B11: 42484 | C11: 1 | D11: 430 | E11: 449
A12: 1503960366 | B12: 42485 | C12: 1 | D12: 277 | E12: 323
A13: 1503960366 | B13: 42486 | C13: 1 | D13: 245 | E13: 274
A14: 1503960366 | B14: 42488 | C14: 1 | D14: 366 | E14: 393
... A414: 8792009665 | B414: 42494 | C414: 1 | D414: 439 | E414: 463

Sheet hourlySteps_merged_cleaned
A1: Id | B1: ActivityHour | C1: HourNumber | D1: StepTotal | E1: AverageStepsPerHour
A2: 1503960366 | B2: 42472 | C2: =HOUR(B2) -> 0 | D2: 373 | E2: =AVERAGEIFS($D$2:$D$22100,$C$2:$C$22100,C2) -> 42.188437
A3: 1503960366 | B3: 42472.042 | C3: =HOUR(B3) -> 1 | D3: 160 | E3: =AVERAGEIFS($D$2:$D$22100,$C$2:$C$22100,C3) -> 23.102894
A4: 1503960366 | B4: 42472.083 | C4: =HOUR(B4) -> 2 | D4: 151 | E4: =AVERAGEIFS($D$2:$D$22100,$C$2:$C$22100,C4) -> 17.110397
A5: 1503960366 | B5: 42472.125 | C5: =HOUR(B5) -> 3 | D5: 0 | E5: =AVERAGEIFS($D$2:$D$22100,$C$2:$C$22100,C5) -> 6.4265809
A6: 1503960366 | B6: 42472.167 | C6: =HOUR(B6) -> 4 | D6: 0 | E6: =AVERAGEIFS($D$2:$D$22100,$C$2:$C$22100,C6) -> 12.699571
A7: 1503960366 | B7: 42472.208 | C7: =HOUR(B7) -> 5 | D7: 0 | E7: =AVERAGEIFS($D$2:$D$22100,$C$2:$C$22100,C7) -> 43.869099
A8: 1503960366 | B8: 42472.25 | C8: =HOUR(B8) -> 6 | D8: 0 | E8: =AVERAGEIFS($D$2:$D$22100,$C$2:$C$22100,C8) -> 178.50806
A9: 1503960366 | B9: 42472.292 | C9: =HOUR(B9) -> 7 | D9: 0 | E9: =AVERAGEIFS($D$2:$D$22100,$C$2:$C$22100,C9) -> 306.04941
A10: 1503960366 | B10: 42472.333 | C10: =HOUR(B10) -> 8 | D10: 250 | E10: =AVERAGEIFS($D$2:$D$22100,$C$2:$C$22100,C10) -> 427.54458
A11: 1503960366 | B11: 42472.375 | C11: =HOUR(B11) -> 9 | D11: 1864 | E11: =AVERAGEIFS($D$2:$D$22100,$C$2:$C$22100,C11) -> 433.30183
A12: 1503960366 | B12: 42472.417 | C12: =HOUR(B12) -> 10 | D12: 676 | E12: =AVERAGEIFS($D$2:$D$22100,$C$2:$C$22100,C12) -> 481.66523
A13: 1503960366 | B13: 42472.458 | C13: =HOUR(B13) -> 11 | D13: 360 | E13: =AVERAGEIFS($D$2:$D$22100,$C$2:$C$22100,C13) -> 456.88673
... A25: 1503960366 | B25: 42472.958 | C25: =HOUR(B25) -> 23 | D25: 338 | E25: =AVERAGEIFS($D$2:$D$22100,$C$2:$C$22100,C25) -> 122.13289
A26: 1503960366 | B26: 42473 | C26: =HOUR(B26) -> 0 | D26: 144
A27: 1503960366 | B27: 42473.042 | C27: =HOUR(B27) -> 1 | D27: 0
A28: 1503960366 | B28: 42473.083 | C28: =HOUR(B28) -> 2 | D28: 0
A29: 1503960366 | B29: 42473.125 | C29: =HOUR(B29) -> 3 | D29: 36
A30: 1503960366 | B30: 42473.167 | C30: =HOUR(B30) -> 4 | D30: 0
A31: 1503960366 | B31: 42473.208 | C31: =HOUR(B31) -> 5 | D31: 0
A32: 1503960366 | B32: 42473.25 | C32: =HOUR(B32) -> 6 | D32: 0
A33: 1503960366 | B33: 42473.292 | C33: =HOUR(B33) -> 7 | D33: 126
A34: 1503960366 | B34: 42473.333 | C34: =HOUR(B34) -> 8 | D34: 275
A35: 1503960366 | B35: 42473.375 | C35: =HOUR(B35) -> 9 | D35: 1679
A36: 1503960366 | B36: 42473.417 | C36: =HOUR(B36) -> 10 | D36: 295
A37: 1503960366 | B37: 42473.458 | C37: =HOUR(B37) -> 11 | D37: 524
... A22100: 8877689391 | B22100: 42502.583 | C22100: =HOUR(B22100) -> 14 | D22100: 457

Sheet daily_master
A1: Id | B1: ActivityDate | C1: DayOfWeek | D1: TotalSteps | E1: ActivityLevel | F1: TotalDistance | G1: TrackerDistance | H1: LoggedActivitiesDistance | I1: VeryActiveDistance | J1: ModeratelyActiveDistance | K1: LightActiveDistance | L1: SedentaryActiveDistance | M1: VeryActiveMinutes | N1: FairlyActiveMinutes | O1: LightlyActiveMinutes | P1: SedentaryMinutes | Q1: Calories | R1: UserCount | S1: TotalSleepRecords | T1: TotalMinutesAsleep | U1: TotalTimeInBed
A2: 1503960366 | B2: 42472 | C2: =TEXT(B2, "dddd") -> Tuesday | D2: 13162 | E2: {=_xlfn.IFS(D2>=10000,"Very Active", AND(D2<10000,D2>5000),"Active",D2<=5000,"Sedentary")} -> Very Active | F2: 8.5 | G2: 8.5 | H2: 0 | I2: 1.88 | J2: 0.55000001 | K2: 6.0599999 | L2: 0 | M2: 25 | N2: 13 | O2: 328 | P2: 728 | Q2: 1985 | R2: 33 | S2: {=_xlfn.XLOOKUP(A2&B2, sleepDay_merged_cleaned!A:A & sleepDay_merged_cleaned!B:B, sleepDay_merged_cleaned!C:C, "")} -> 1 | T2: {=_xlfn.XLOOKUP(A2&B2, sleepDay_merged_cleaned!A:A & sleepDay_merged_cleaned!B:B, sleepDay_merged_cleaned!D:D, "")} -> 327 | U2: {=_xlfn.XLOOKUP(A2&B2, sleepDay_merged_cleaned!A:A & sleepDay_merged_cleaned!B:B, sleepDay_merged_cleaned!E:E, "")} -> 346
A3: 1503960366 | B3: 42473 | C3: =TEXT(B3, "dddd") -> Wednesday | D3: 10735 | E3: {=_xlfn.IFS(D3>=10000,"Very Active", AND(D3<10000,D3>5000),"Active",D3<=5000,"Sedentary")} -> Very Active | F3: 6.9699998 | G3: 6.9699998 | H3: 0 | I3: 1.5700001 | J3: 0.69 | K3: 4.71 | L3: 0 | M3: 21 | N3: 19 | O3: 217 | P3: 776 | Q3: 1797 | S3: {=_xlfn.XLOOKUP(A3&B3, sleepDay_merged_cleaned!A:A & sleepDay_merged_cleaned!B:B, sleepDay_merged_cleaned!C:C, "")} -> 2 | T3: {=_xlfn.XLOOKUP(A3&B3, sleepDay_merged_cleaned!A:A & sleepDay_merged_cleaned!B:B, sleepDay_merged_cleaned!D:D, "")} -> 384 | U3: {=_xlfn.XLOOKUP(A3&B3, sleepDay_merged_cleaned!A:A & sleepDay_merged_cleaned!B:B, sleepDay_merged_cleaned!E:E, "")} -> 407
A4: 1503960366 | B4: 42474 | C4: =TEXT(B4, "dddd") -> Thursday | D4: 10460 | E4: {=_xlfn.IFS(D4>=10000,"Very Active", AND(D4<10000,D4>5000),"Active",D4<=5000,"Sedentary")} -> Very Active | F4: 6.7399998 | G4: 6.7399998 | H4: 0 | I4: 2.4400001 | J4: 0.40000001 | K4: 3.9100001 | L4: 0 | M4: 30 | N4: 11 | O4: 181 | P4: 1218 | Q4: 1776 | S4: {=_xlfn.XLOOKUP(A4&B4, sleepDay_merged_cleaned!A:A & sleepDay_merged_cleaned!B:B, sleepDay_merged_cleaned!C:C, "")} | T4: {=_xlfn.XLOOKUP(A4&B4, sleepDay_merged_cleaned!A:A & sleepDay_merged_cleaned!B:B, sleepDay_merged_cleaned!D:D, "")} | U4: {=_xlfn.XLOOKUP(A4&B4, sleepDay_merged_cleaned!A:A & sleepDay_merged_cleaned!B:B, sleepDay_merged_cleaned!E:E, "")}
A5: 1503960366 | B5: 42475 | C5: =TEXT(B5, "dddd") -> Friday | D5: 9762 | E5: {=_xlfn.IFS(D5>=10000,"Very Active", AND(D5<10000,D5>5000),"Active",D5<=5000,"Sedentary")} -> Active | F5: 6.2800002 | G5: 6.2800002 | H5: 0 | I5: 2.1400001 | J5: 1.26 | K5: 2.8299999 | L5: 0 | M5: 29 | N5: 34 | O5: 209 | P5: 726 | Q5: 1745 | S5: {=_xlfn.XLOOKUP(A5&B5, sleepDay_merged_cleaned!A:A & sleepDay_merged_cleaned!B:B, sleepDay_merged_cleaned!C:C, "")} -> 1 | T5: {=_xlfn.XLOOKUP(A5&B5, sleepDay_merged_cleaned!A:A & sleepDay_merged_cleaned!B:B, sleepDay_merged_cleaned!D:D, "")} -> 412 | U5: {=_xlfn.XLOOKUP(A5&B5, sleepDay_merged_cleaned!A:A & sleepDay_merged_cleaned!B:B, sleepDay_merged_cleaned!E:E, "")} -> 442
A6: 1503960366 | B6: 42476 | C6: =TEXT(B6, "dddd") -> Saturday | D6: 12669 | E6: {=_xlfn.IFS(D6>=10000,"Very Active", AND(D6<10000,D6>5000),"Active",D6<=5000,"Sedentary")} -> Very Active | F6: 8.1599998 | G6: 8.1599998 | H6: 0 | I6: 2.71 | J6: 0.41 | K6: 5.04 | L6: 0 | M6: 36 | N6: 10 | O6: 221 | P6: 773 | Q6: 1863 | S6: {=_xlfn.XLOOKUP(A6&B6, sleepDay_merged_cleaned!A:A & sleepDay_merged_cleaned!B:B, sleepDay_merged_cleaned!C:C, "")} -> 2 | T6: {=_xlfn.XLOOKUP(A6&B6, sleepDay_merged_cleaned!A:A & sleepDay_merged_cleaned!B:B, sleepDay_merged_cleaned!D:D, "")} -> 340 | U6: {=_xlfn.XLOOKUP(A6&B6, sleepDay_merged_cleaned!A:A & sleepDay_merged_cleaned!B:B, sleepDay_merged_cleaned!E:E, "")} -> 367
A7: 1503960366 | B7: 42477 | C7: =TEXT(B7, "dddd") -> Sunday | D7: 9705 | E7: {=_xlfn.IFS(D7>=10000,"Very Active", AND(D7<10000,D7>5000),"Active",D7<=5000,"Sedentary")} -> Active | F7: 6.48 | G7: 6.48 | H7: 0 | I7: 3.1900001 | J7: 0.77999997 | K7: 2.51 | L7: 0 | M7: 38 | N7: 20 | O7: 164 | P7: 539 | Q7: 1728 | S7: {=_xlfn.XLOOKUP(A7&B7, sleepDay_merged_cleaned!A:A & sleepDay_merged_cleaned!B:B, sleepDay_merged_cleaned!C:C, "")} -> 1 | T7: {=_xlfn.XLOOKUP(A7&B7, sleepDay_merged_cleaned!A:A & sleepDay_merged_cleaned!B:B, sleepDay_merged_cleaned!D:D, "")} -> 700 | U7: {=_xlfn.XLOOKUP(A7&B7, sleepDay_merged_cleaned!A:A & sleepDay_merged_cleaned!B:B, sleepDay_merged_cleaned!E:E, "")} -> 712
A8: 1503960366 | B8: 42478 | C8: =TEXT(B8, "dddd") -> Monday | D8: 13019 | E8: {=_xlfn.IFS(D8>=10000,"Very Active", AND(D8<10000,D8>5000),"Active",D8<=5000,"Sedentary")} -> Very Active | F8: 8.5900002 | G8: 8.5900002 | H8: 0 | I8: 3.25 | J8: 0.63999999 | K8: 4.71 | L8: 0 | M8: 42 | N8: 16 | O8: 233 | P8: 1149 | Q8: 1921 | S8: {=_xlfn.XLOOKUP(A8&B8, sleepDay_merged_cleaned!A:A & sleepDay_merged_cleaned!B:B, sleepDay_merged_cleaned!C:C, "")} | T8: {=_xlfn.XLOOKUP(A8&B8, sleepDay_merged_cleaned!A:A & sleepDay_merged_cleaned!B:B, sleepDay_merged_cleaned!D:D, "")} | U8: {=_xlfn.XLOOKUP(A8&B8, sleepDay_merged_cleaned!A:A & sleepDay_merged_cleaned!B:B, sleepDay_merged_cleaned!E:E, "")}
A9: 1503960366 | B9: 42479 | C9: =TEXT(B9, "dddd") -> Tuesday | D9: 15506 | E9: {=_xlfn.IFS(D9>=10000,"Very Active", AND(D9<10000,D9>5000),"Active",D9<=5000,"Sedentary")} -> Very Active | F9: 9.8800001 | G9: 9.8800001 | H9: 0 | I9: 3.53 | J9: 1.3200001 | K9: 5.0300002 | L9: 0 | M9: 50 | N9: 31 | O9: 264 | P9: 775 | Q9: 2035 | S9: {=_xlfn.XLOOKUP(A9&B9, sleepDay_merged_cleaned!A:A & sleepDay_merged_cleaned!B:B, sleepDay_merged_cleaned!C:C, "")} -> 1 | T9: {=_xlfn.XLOOKUP(A9&B9, sleepDay_merged_cleaned!A:A & sleepDay_merged_cleaned!B:B, sleepDay_merged_cleaned!D:D, "")} -> 304 | U9: {=_xlfn.XLOOKUP(A9&B9, sleepDay_merged_cleaned!A:A & sleepDay_merged_cleaned!B:B, sleepDay_merged_cleaned!E:E, "")} -> 320
A10: 1503960366 | B10: 42480 | C10: =TEXT(B10, "dddd") -> Wednesday | D10: 10544 | E10: {=_xlfn.IFS(D10>=10000,"Very Active", AND(D10<10000,D10>5000),"Active",D10<=5000,"Sedentary")} -> Very Active | F10: 6.6799998 | G10: 6.6799998 | H10: 0 | I10: 1.96 | J10: 0.47999999 | K10: 4.2399998 | L10: 0 | M10: 28 | N10: 12 | O10: 205 | P10: 818 | Q10: 1786 | S10: {=_xlfn.XLOOKUP(A10&B10, sleepDay_merged_cleaned!A:A & sleepDay_merged_cleaned!B:B, sleepDay_merged_cleaned!C:C, "")} -> 1 | T10: {=_xlfn.XLOOKUP(A10&B10, sleepDay_merged_cleaned!A:A & sleepDay_merged_cleaned!B:B, sleepDay_merged_cleaned!D:D, "")} -> 360 | U10: {=_xlfn.XLOOKUP(A10&B10, sleepDay_merged_cleaned!A:A & sleepDay_merged_cleaned!B:B, sleepDay_merged_cleaned!E:E, "")} -> 377
A11: 1503960366 | B11: 42481 | C11: =TEXT(B11, "dddd") -> Thursday | D11: 9819 | E11: {=_xlfn.IFS(D11>=10000,"Very Active", AND(D11<10000,D11>5000),"Active",D11<=5000,"Sedentary")} -> Active | F11: 6.3400002 | G11: 6.3400002 | H11: 0 | I11: 1.34 | J11: 0.34999999 | K11: 4.6500001 | L11: 0 | M11: 19 | N11: 8 | O11: 211 | P11: 838 | Q11: 1775 | S11: {=_xlfn.XLOOKUP(A11&B11, sleepDay_merged_cleaned!A:A & sleepDay_merged_cleaned!B:B, sleepDay_merged_cleaned!C:C, "")} -> 1 | T11: {=_xlfn.XLOOKUP(A11&B11, sleepDay_merged_cleaned!A:A & sleepDay_merged_cleaned!B:B, sleepDay_merged_cleaned!D:D, "")} -> 325 | U11: {=_xlfn.XLOOKUP(A11&B11, sleepDay_merged_cleaned!A:A & sleepDay_merged_cleaned!B:B, sleepDay_merged_cleaned!E:E, "")} -> 364
A12: 1503960366 | B12: 42482 | C12: =TEXT(B12, "dddd") -> Friday | D12: 12764 | E12: {=_xlfn.IFS(D12>=10000,"Very Active", AND(D12<10000,D12>5000),"Active",D12<=5000,"Sedentary")} -> Very Active | F12: 8.1300001 | G12: 8.1300001 | H12: 0 | I12: 4.7600002 | J12: 1.12 | K12: 2.24 | L12: 0 | M12: 66 | N12: 27 | O12: 130 | P12: 1217 | Q12: 1827 | S12: {=_xlfn.XLOOKUP(A12&B12, sleepDay_merged_cleaned!A:A & sleepDay_merged_cleaned!B:B, sleepDay_merged_cleaned!C:C, "")} | T12: {=_xlfn.XLOOKUP(A12&B12, sleepDay_merged_cleaned!A:A & sleepDay_merged_cleaned!B:B, sleepDay_merged_cleaned!D:D, "")} | U12: {=_xlfn.XLOOKUP(A12&B12, sleepDay_merged_cleaned!A:A & sleepDay_merged_cleaned!B:B, sleepDay_merged_cleaned!E:E, "")}
A13: 1503960366 | B13: 42483 | C13: =TEXT(B13, "dddd") -> Saturday | D13: 14371 | E13: {=_xlfn.IFS(D13>=10000,"Very Active", AND(D13<10000,D13>5000),"Active",D13<=5000,"Sedentary")} -> Very Active | F13: 9.04 | G13: 9.04 | H13: 0 | I13: 2.8099999 | J13: 0.87 | K13: 5.3600001 | L13: 0 | M13: 41 | N13: 21 | O13: 262 | P13: 732 | Q13: 1949 | S13: {=_xlfn.XLOOKUP(A13&B13, sleepDay_merged_cleaned!A:A & sleepDay_merged_cleaned!B:B, sleepDay_merged_cleaned!C:C, "")} -> 1 | T13: {=_xlfn.XLOOKUP(A13&B13, sleepDay_merged_cleaned!A:A & sleepDay_merged_cleaned!B:B, sleepDay_merged_cleaned!D:D, "")} -> 361 | U13: {=_xlfn.XLOOKUP(A13&B13, sleepDay_merged_cleaned!A:A & sleepDay_merged_cleaned!B:B, sleepDay_merged_cleaned!E:E, "")} -> 384
A14: 1503960366 | B14: 42484 | C14: =TEXT(B14, "dddd") -> Sunday | D14: 10039 | E14: {=_xlfn.IFS(D14>=10000,"Very Active", AND(D14<10000,D14>5000),"Active",D14<=5000,"Sedentary")} -> Very Active | F14: 6.4099998 | G14: 6.4099998 | H14: 0 | I14: 2.9200001 | J14: 0.20999999 | K14: 3.28 | L14: 0 | M14: 39 | N14: 5 | O14: 238 | P14: 709 | Q14: 1788 | S14: {=_xlfn.XLOOKUP(A14&B14, sleepDay_merged_cleaned!A:A & sleepDay_merged_cleaned!B:B, sleepDay_merged_cleaned!C:C, "")} -> 1 | T14: {=_xlfn.XLOOKUP(A14&B14, sleepDay_merged_cleaned!A:A & sleepDay_merged_cleaned!B:B, sleepDay_merged_cleaned!D:D, "")} -> 430 | U14: {=_xlfn.XLOOKUP(A14&B14, sleepDay_merged_cleaned!A:A & sleepDay_merged_cleaned!B:B, sleepDay_merged_cleaned!E:E, "")} -> 449
... A941: 8877689391 | B941: 42502 | C941: =TEXT(B941, "dddd") -> Thursday | D941: 8064 | E941: {=_xlfn.IFS(D941>=10000,"Very Active", AND(D941<10000,D941>5000),"Active",D941<=5000,"Sedentary")} -> Active | F941: 6.1199999 | G941: 6.1199999 | H941: 0 | I941: 1.8200001 | J941: 0.039999999 | K941: 4.25 | L941: 0 | M941: 23 | N941: 1 | O941: 137 | P941: 770 | Q941: 1849 | S941: {=_xlfn.XLOOKUP(A941&B941, sleepDay_merged_cleaned!A:A & sleepDay_merged_cleaned!B:B, sleepDay_merged_cleaned!C:C, "")} | T941: {=_xlfn.XLOOKUP(A941&B941, sleepDay_merged_cleaned!A:A & sleepDay_merged_cleaned!B:B, sleepDay_merged_cleaned!D:D, "")} | U941: {=_xlfn.XLOOKUP(A941&B941, sleepDay_merged_cleaned!A:A & sleepDay_merged_cleaned!B:B, sleepDay_merged_cleaned!E:E, "")}

Sheet DaysOfTheWeek
A2: PIVOT TABLE
A3: Day | B3: Average of TotalSteps | C3: Average of Calories | D3: Average of TotalMinutesAsleep
A4: Sunday | B4: 6933.2314 | C4: 2263 | D4: 452.74545
A5: Monday | B5: 7780.8667 | C5: 2324.2083 | D5: 419.5
A6: Tuesday | B6: 8125.0066 | C6: 2356.0132 | D6: 404.53846
A7: Wednesday | B7: 7559.3733 | C7: 2302.62 | D7: 434.68182
A8: Thursday | B8: 7405.8367 | C8: 2199.5714 | D8: 401.29688
A9: Friday | B9: 7448.2302 | C9: 2331.7857 | D9: 405.42105
A10: Saturday | B10: 8152.9758 | C10: 2354.9677 | D10: 419.07018
A11: Grand Total | B11: 7637.9106 | C11: 2303.6096 | D11: 419.17317
A13: Day | B13: Average of TotalSteps
A14: Sunday | B14: 6933.2314
A15: Monday | B15: 7780.8667
A16: Tuesday | B16: 8125.0066
A17: Wednesday | B17: 7559.3733
A18: Thursday | B18: 7405.8367
A19: Friday | B19: 7448.2302
A20: Saturday | B20: 8152.9758
A21: Day | B21: Average of Calories
A22: Sunday | B22: 2263
A23: Monday | B23: 2324.2083
A24: Tuesday | B24: 2356.0132
A25: Wednesday | B25: 2302.62
A26: Thursday | B26: 2199.5714
A27: Friday | B27: 2331.7857
A28: Saturday | B28: 2354.9677
A29: Day | B29: Average of TotalMinutesAsleep
A30: Sunday | B30: 452.74545
A31: Monday | B31: 419.5
A32: Tuesday | B32: 404.53846
A33: Wednesday | B33: 434.68182
A34: Thursday | B34: 401.29688
A35: Friday | B35: 405.42105
A36: Saturday | B36: 419.07018

Sheet ActivityLevels
A3: Activity Level | B3: Average Time In Bed | C3: Average Minutes Asleep | D3: Count of ActivityDate | E3: Average of VeryActiveMinutes | F3: Average of FairlyActiveMinutes | G3: Average of LightlyActiveMinutes | H3: Average of SedentaryMinutes
A4: Sedentary | B4: 494.32292 | C4: 454.29167 | D4: 303 | E4: 2.3366337 | F4: 1.9735974 | G4: 88.214521 | H4: 1132.4719
A5: Active | B5: 456.44295 | C5: 422.14094 | D5: 334 | E5: 13.407186 | F5: 11.553892 | G5: 246.8503 | H5: 956.09281
A6: Very Active | B6: 439.47273 | C6: 396.06061 | D6: 303 | E6: 48.544554 | F6: 27.372937 | G6: 237.84488 | H6: 888.66007
A7: Grand Total | B7: 458.48293 | C7: 419.17317 | D7: 940 | E7: 21.164894 | F7: 13.564894 | G7: 192.81277 | H7: 991.21064
A9: Activity Level | B9: Sleep Efficiency
A10: Sedentary | B10: =GETPIVOTDATA("Average Minutes Asleep",$A$3,"ActivityLevel","Active")/GETPIVOTDATA("Average Time In Bed",$A$3,"ActivityLevel","Active") -> 0.92484929
A11: Active | B11: =GETPIVOTDATA("Average Minutes Asleep",$A$3,"ActivityLevel","Sedentary")/GETPIVOTDATA("Average Time In Bed",$A$3,"ActivityLevel","Sedentary") -> 0.91901802
A12: Very Active | B12: =GETPIVOTDATA("Average Minutes Asleep",$A$3,"ActivityLevel","Very Active")/GETPIVOTDATA("Average Time In Bed",$A$3,"ActivityLevel","Very Active") -> 0.90121771
A13: Activity Level | B13: Daily Activity Share | C13: Count of ActivityDate
A14: Sedentary | B14: =C14/SUM(C$14:C$16) -> 0.32234043 | C14: 303
A15: Active | B15: =C15/SUM(C$14:C$16) -> 0.35531915 | C15: 334
A16: Very Active | B16: =C16/SUM(C$14:C$16) -> 0.32234043 | C16: 303
A17: Activity Level | B17: Very Active Minutes | C17: Fairly Active Minutes | D17: Lightly Active Minutes
A18: Sedentary | B18: 2.3366337 | C18: 1.9735974 | D18: 88.214521
A19: Active | B19: 13.407186 | C19: 11.553892 | D19: 246.8503
A20: Very Active | B20: 48.544554 | C20: 27.372937 | D20: 237.84488
A21: Activity Level | B21: Average Minutes Asleep
A22: Sedentary | B22: 454.29167
A23: Active | B23: 422.14094
A24: Very Active | B24: 396.06061

Sheet StepsByHour
A3: Row Labels | B3: Sum of AverageStepsPerHour
A4: 0 | B4: 42.188437
A5: 1 | B5: 23.102894
A6: 2 | B6: 17.110397
A7: 3 | B7: 6.4265809
A8: 4 | B8: 12.699571
A9: 5 | B9: 43.869099
A10: 6 | B10: 178.50806
A11: 7 | B11: 306.04941
A12: 8 | B12: 427.54458
A13: 9 | B13: 433.30183
A14: 10 | B14: 481.66523
A15: 11 | B15: 456.88673
... A27: 23 | B27: 122.13289
A28: Grand Total | B28: 7714.3289
